LetterID,SiteID,NIC-Klein-Midpoint-Annual
A,12,37.26531
B,14,41.06122
C,11,41.10204
D,10,36.12245
E,9,53.5102
F,15,62.85714
G,8,73.95918
H,1,56.44898
I,13,76.77551
J,7,58.36735
K,6,82.89796
L,5,57.87755
M,3,68.61224
N,4,87.67347
X,2,71.5102
